indicatorType,fileHashValue,emailSenderAddress,networkIPv4,url,domainName,FileCreatedDateTime,action,activityGroupNames,additionalInformation,confidence,description,expirationDateTime,externalId,indicatorProvider,killChain,malwareFamilyNames,severity,tags,targetProduct,threatType,tlpLevel
IPv4,,,46.217.175.86,,,,alert,,,<set in app>,An attacker used a brute force attack,<set in app>,,<set in app>,,,0,,Azure Sentinel,Botnet,white
IPv4,,,217.23.3.138,,,,alert,,,<set in app>,An attacker used a brute force attack,<set in app>,,<set in app>,,,0,,Azure Sentinel,Botnet,white
IPv4,,,217.23.3.138,,,,alert,,,<set in app>,An attacker used a brute force attack,<set in app>,,<set in app>,,,0,,Azure Sentinel,Botnet,white
IPv4,,,89.39.105.84,,,,alert,,,<set in app>,An attacker used a brute force attack,<set in app>,,<set in app>,,,0,,Azure Sentinel,Botnet,white
IPv4,,,89.39.104.123,,,,alert,,,<set in app>,An attacker used a brute force attack,<set in app>,,<set in app>,,,0,,Azure Sentinel,Botnet,white
IPv4,,,89.38.96.13,,,,alert,,,<set in app>,An attacker used a brute force attack,<set in app>,,<set in app>,,,0,,Azure Sentinel,Botnet,white
IPv4,,,217.23.12.117,,,,alert,,,<set in app>,An attacker used a brute force attack,<set in app>,,<set in app>,,,0,,Azure Sentinel,Botnet,white
IPv4,,,103.220.30.234,,,,alert,,,<set in app>,An attacker used a brute force attack,<set in app>,,<set in app>,,,0,,Azure Sentinel,Botnet,white
IPv4,,,62.112.11.79,,,,alert,,,<set in app>,An attacker used a brute force attack,<set in app>,,<set in app>,,,0,,Azure Sentinel,Botnet,white
IPv4,,,217.23.3.138,,,,alert,,,<set in app>,An attacker used a brute force attack,<set in app>,,<set in app>,,,0,,Azure Sentinel,Botnet,white
IPv4,,,1.4.240.6,,,,alert,,,<set in app>,An attacker used a brute force attack,<set in app>,,<set in app>,,,0,,Azure Sentinel,Botnet,white
IPv4,,,193.105.134.45,,,,alert,,,<set in app>,An attacker used a brute force attack,<set in app>,,<set in app>,,,0,,Azure Sentinel,Botnet,white
IPv4,,,193.105.134.45,,,,alert,,,<set in app>,An attacker used a brute force attack,<set in app>,,<set in app>,,,0,,Azure Sentinel,Botnet,white
IPv4,,,62.112.11.8,,,,alert,,,<set in app>,An attacker used a brute force attack,<set in app>,,<set in app>,,,0,,Azure Sentinel,Botnet,white
IPv4,,,194.88.107.163,,,,alert,,,<set in app>,An attacker used a brute force attack,<set in app>,,<set in app>,,,0,,Azure Sentinel,Botnet,white
IPv4,,,190.2.144.45,,,,alert,,,<set in app>,An attacker used a brute force attack,<set in app>,,<set in app>,,,0,,Azure Sentinel,Botnet,white
url,,,,http://betaalverzoek.ir/binInfect.sh,,,alert,,,<set in app>,An attacker used a brute force attack,<set in app>,,<set in app>,,,0,,Azure Sentinel,Botnet,white
URL,,,,https://raw.githubusercontent.com/C3Pool/xmrig_setup/master/setup_c3pool_miner.sh,,,alert,,,<set in app>,An attacker used a brute force attack,<set in app>,,<set in app>,,,0,,Azure Sentinel,Botnet,white
URL,,,,http://209.141.54.197/ssh,,,alert,,,<set in app>,An attacker used a brute force attack,<set in app>,,<set in app>,,,0,,Azure Sentinel,Botnet,white
URL,,,,http://212.192.241.44,,,alert,,,<set in app>,An attacker used a brute force attack,<set in app>,,<set in app>,,,0,,Azure Sentinel,Botnet,white
URL,,,,http://212.192.241.44/Gbotbins.sh,,,alert,,,<set in app>,An attacker used a brute force attack,<set in app>,,<set in app>,,,0,,Azure Sentinel,Botnet,white
URL,,,,http://168.138.143.186/setup.sh,,,alert,,,<set in app>,An attacker used a brute force attack,<set in app>,,<set in app>,,,0,,Azure Sentinel,Botnet,white
URL,,,,http://195.133.40.119,,,alert,,,<set in app>,An attacker used a brute force attack,<set in app>,,<set in app>,,,0,,Azure Sentinel,Botnet,white
URL,,,,http://198.98.56.65/krax,,,alert,,,<set in app>,An attacker used a brute force attack,<set in app>,,<set in app>,,,0,,Azure Sentinel,Botnet,white
URL,,,,http://152.89.239.4/x86_64,,,alert,,,<set in app>,An attacker used a brute force attack,<set in app>,,<set in app>,,,0,,Azure Sentinel,Botnet,white
Domain,,,,,hjhqmbxyinislkkt.1fttxm.top,,alert,,,<set in app>,An attacker used a brute force attack,<set in app>,,<set in app>,,,0,,Azure Sentinel,Botnet,white
Domain,,,,,vpuroeit.pw,,alert,,,<set in app>,An attacker used a brute force attack,<set in app>,,<set in app>,,,0,,Azure Sentinel,Botnet,white
Domain,,,,,52uo5k3t73ypjije.j92msu.top,,alert,,,<set in app>,An attacker used a brute force attack,<set in app>,,<set in app>,,,0,,Azure Sentinel,Botnet,white
Domain,,,,,hjhqmbxyinislkkt.1dvqvh.top,,alert,,,<set in app>,An attacker used a brute force attack,<set in app>,,<set in app>,,,0,,Azure Sentinel,Botnet,white
Domain,,,,,4kqd3hmqgptupi3p.holescase.pw,,alert,,,<set in app>,An attacker used a brute force attack,<set in app>,,<set in app>,,,0,,Azure Sentinel,Botnet,white
Domain,,,,,3qbyaoohkcqkzrz6.torcommunity.ch,,alert,,,<set in app>,An attacker used a brute force attack,<set in app>,,<set in app>,,,0,,Azure Sentinel,Botnet,white
Domain,,,,,wjtqjleommc4z46i.kyjw0g.bid,,alert,,,<set in app>,An attacker used a brute force attack,<set in app>,,<set in app>,,,0,,Azure Sentinel,Botnet,white
Domain,,,,,lrmficvqs.pw,,alert,,,<set in app>,An attacker used a brute force attack,<set in app>,,<set in app>,,,0,,Azure Sentinel,Botnet,white
Domain,,,,,pmenboeqhyrpvomq.paypoints.red,,alert,,,<set in app>,An attacker used a brute force attack,<set in app>,,<set in app>,,,0,,Azure Sentinel,Botnet,white
Domain,,,,,gnsquwmgukkpgpt.pw,,alert,,,<set in app>,An attacker used a brute force attack,<set in app>,,<set in app>,,,0,,Azure Sentinel,Botnet,white
sha256,8AC691925560C06137C8C6916EF91F528E9AAB0BA5B9D13A76871DA353A807B2,,,,,,alert,,,<set in app>,An attacker used a brute force attack,<set in app>,,<set in app>,,,0,,Azure Sentinel,Botnet,white
sha256,A44E9205AA17CF6C283C055A7AFFFFD05BF163C837C47819BDBA63114B901975,,,,,,alert,,,<set in app>,An attacker used a brute force attack,<set in app>,,<set in app>,,,0,,Azure Sentinel,Botnet,white
sha256,15E4D6E93ED51E357B711AAD256259335F50D65BA615358A84C82B42D494FD85,,,,,,alert,,,<set in app>,An attacker used a brute force attack,<set in app>,,<set in app>,,,0,,Azure Sentinel,Botnet,white
sha256,0D5E313C6B639F0C9E9B45FCD76A9C6641EDCD3A2A87A51AA2ABA8534D4FFC44,,,,,,alert,,,<set in app>,An attacker used a brute force attack,<set in app>,,<set in app>,,,0,,Azure Sentinel,Botnet,white
sha256,8E6450355434A1CCD54D12FF7A96F0F137D4722A31A0C55CAB0336B0024C78E5,,,,,,alert,,,<set in app>,An attacker used a brute force attack,<set in app>,,<set in app>,,,0,,Azure Sentinel,Botnet,white
sha256,92D4A4BD8B0495231C231B78A1CC60421F8AB1E91682622DF674E20968041AAD,,,,,,alert,,,<set in app>,An attacker used a brute force attack,<set in app>,,<set in app>,,,0,,Azure Sentinel,Botnet,white
sha256,1BCB3D63CFDDABB81BABE58F9FC4E45A3F32621DF8DB1991FD8F6819C7EF7F60,,,,,,alert,,,<set in app>,An attacker used a brute force attack,<set in app>,,<set in app>,,,0,,Azure Sentinel,Botnet,white
sha256,56FF731AC45BD95082663DA70FC6CDB4560E5F84FC2BA36317CB7836A1534B3A,,,,,,alert,,,<set in app>,An attacker used a brute force attack,<set in app>,,<set in app>,,,0,,Azure Sentinel,Botnet,white
sha256,B4925FF5EA42FF7A90E6F68A667412BE32CE0BD9D59E88E9F2ECF5B1BEF957FD,,,,,,alert,,,<set in app>,An attacker used a brute force attack,<set in app>,,<set in app>,,,0,,Azure Sentinel,Botnet,white
sha256,5EAA69E4FE26EA90C90190EC02CE2529C21EFD90D1754A47CA9CAC1DE3EAAF7C,,,,,,alert,,,<set in app>,An attacker used a brute force attack,<set in app>,,<set in app>,,,0,,Azure Sentinel,Botnet,white
sha256,387587286693F74A921032A65C22FC6103B6E93CEA7F4F0D79693C155766EA10,,,,,,alert,,,<set in app>,An attacker used a brute force attack,<set in app>,,<set in app>,,,0,,Azure Sentinel,Botnet,white
sha256,B4516F02CF616BA461F15F81194660C5CE509A101E84B70277CA7345A22FEADE,,,,,,alert,,,<set in app>,An attacker used a brute force attack,<set in app>,,<set in app>,,,0,,Azure Sentinel,Botnet,white
sha256,2C5BCC2C78B8D079BE96EC444932427CF9E6AAAA4CB4117D1DC7E5C25506981F,,,,,,alert,,,<set in app>,An attacker used a brute force attack,<set in app>,,<set in app>,,,0,,Azure Sentinel,Botnet,white
sha256,72B931B6CF769913F903CEED014197FB6A4D6A7B7EFA6604C002F4293FFD7EF1,,,,,,alert,,,<set in app>,An attacker used a brute force attack,<set in app>,,<set in app>,,,0,,Azure Sentinel,Botnet,white
sha1,14d2c799364d354fa4ed40d81e2ba999adc65522,,,,,,alert,,,<set in app>,An attacker used a brute force attack,<set in app>,,<set in app>,,,0,,Azure Sentinel,Botnet,white
sha1,2114e8248c11e3477a74c77ff73065f9fec4c4bb,,,,,,alert,,,<set in app>,An attacker used a brute force attack,<set in app>,,<set in app>,,,0,,Azure Sentinel,Botnet,white
sha1,394c130377213c8b138e3634d73cb683f1222173,,,,,,alert,,,<set in app>,An attacker used a brute force attack,<set in app>,,<set in app>,,,0,,Azure Sentinel,Botnet,white
sha1,36ee47614db069e5f456af2a2160b398b1d5bc1d,,,,,,alert,,,<set in app>,An attacker used a brute force attack,<set in app>,,<set in app>,,,0,,Azure Sentinel,Botnet,white
md5,82142131204334c2eb6835617a1ae785,,,,,,alert,,,<set in app>,An attacker used a brute force attack,<set in app>,,<set in app>,,,0,,Azure Sentinel,Botnet,white
md5,6e578fc7c17244d3ee76e9b8f974e971,,,,,,alert,,,<set in app>,An attacker used a brute force attack,<set in app>,,<set in app>,,,0,,Azure Sentinel,Botnet,white
md5,04965d71773df3b1283ddd3f5489774a,,,,,,alert,,,<set in app>,An attacker used a brute force attack,<set in app>,,<set in app>,,,0,,Azure Sentinel,Botnet,white
md5,aa57a2126701110a3e88c445e30c1051,,,,,,alert,,,<set in app>,An attacker used a brute force attack,<set in app>,,<set in app>,,,0,,Azure Sentinel,Botnet,white
md5,2214477ec18484f38286e473302c848c,,,,,,alert,,,<set in app>,An attacker used a brute force attack,<set in app>,,<set in app>,,,0,,Azure Sentinel,Botnet,white
Email,,sword@ashsalt.guru,,,,,alert,,,<set in app>,An attacker used a brute force attack,<set in app>,,<set in app>,,,0,,Azure Sentinel,Botnet,white
Email,,amercanexpress@hsamember.com,,,,,alert,,,<set in app>,An attacker used a brute force attack,<set in app>,,<set in app>,,,0,,Azure Sentinel,Botnet,white
Email,,d.changbao@behsacorp.com,,,,,alert,,,<set in app>,An attacker used a brute force attack,<set in app>,,<set in app>,,,0,,Azure Sentinel,Botnet,white
Email,,abdullahsaleh915@gmail.com,,,,,alert,,,<set in app>,An attacker used a brute force attack,<set in app>,,<set in app>,,,0,,Azure Sentinel,Botnet,white
Email,,suhsarenewik@outlook.com,,,,,alert,,,<set in app>,An attacker used a brute force attack,<set in app>,,<set in app>,,,0,,Azure Sentinel,Botnet,white
Email,,kthsargeay@outlook.com,,,,,alert,,,<set in app>,An attacker used a brute force attack,<set in app>,,<set in app>,,,0,,Azure Sentinel,Botnet,white
Email,,mahsadavid9040@icloud.com,,,,,alert,,,<set in app>,An attacker used a brute force attack,<set in app>,,<set in app>,,,0,,Azure Sentinel,Botnet,white
